{"file_hashes":[{"block_hashes":["RdAytEn96lMsbZe8FdhRzOQTQIuJN6KKstWrqW6plUc="],"block_size":4096,"path":"19.png"},{"block_hashes":["iExWTAjUaiRipIaVn3pNfUKgBapRxOExDgIXJOotmDc="],"block_size":4096,"path":"38.png"},{"block_hashes":["TwJIx2pFW+gi6OQNahZ9k6bsdw7lSVzovT1u1XEETEA=","+WZZTyNj7vKaky27VUYUy0Z98kRVoNpxUbCrNWacZA8=","pY/kmEIJVrL84lFA1YdLiX+HH69rvmkEqkSP3vkCCMY=","q/XmAoDx4TKe89bOpGDtLBGzRVFVKlI+FiRA/96in7M=","LDXiqAjZ/Lfy86U3Gox5GLFOt7ZazZvVhoxeQoEoenY=","TGwOzjImRbQIDTSo71tlq5qyd6metMZHg3Moyo1c27I=","JZ+x3gEeNdpupJumz82y94nMF91yFZEiMbo+DjSE12M=","9CHHSeSRlbC4EPkl3zaCpaoeLUYZgbIn+H0Dgl8g7kQ=","aDrNkBA6e36fhZ+YdqngU2cBvVbQnbpmcrDJ/OS4/kA="],"block_size":4096,"path":"COPYING"},{"block_hashes":["M6WEj+rcGm3WNznDYnjUtjlxK1YtfPIGWqHEC+SAd2M="],"block_size":4096,"path":"README.md"},{"block_hashes":["TR9drL/myWmGjX2EzNcpiskBooRyCzj7KuuWd4Ghi8E=","0zM5EsjI3OfB/sTPi3z/fpUpCW0R2CTKMMEm72GW6Hs=","d8kG37/aJQlgKlmwKLkW6eGhUYLoeAgOLBgKnnPUHh0=","Wiqdwb6b+8pB9f6O8m+pn0B05OhQHlyFvTLkGy8ilmg="],"block_size":4096,"path":"_locales/sv_SE/messages.json"},{"block_hashes":["TVJeuMOZW2eyFXWvJeJefA5BH//FTMaTAtj+oWeYDc0="],"block_size":4096,"path":"analytics.js"},{"block_hashes":["2UCJ9W89mLUBeUdMq/AZ0101bZXbuMU+ofgJsaAaznU=","oWnrVHvWHvnVXRzJrYW7rGBEfRBp9vQTo6Yv4krPW7k=","iHShofFCHb+XKQgu17DZmMYj5pGSGouPsnLOpHWr6eA="],"block_size":4096,"path":"apply.js"},{"block_hashes":["19EAJsFRQggj0cPIoQVx24OFgEAEGagsuiqu1jZoO7w=","5AtbCvPyz3b951dt7AvzcUnX1ke8Vjy64Uu1DkjrwJU="],"block_size":4096,"path":"background.js"},{"block_hashes":["m/tKgods3aAGb/U79iQaUuv1lPcRX/1HLr9iOuCosXU=","HNIpyRrbqcZH7TGDzZHEOn6jmwcNkkhtv+QER1uajzI=","5jp4GuItdAff0Z8rm87ifK52JBuV3/DSZWwDdJ+4McA=","l2/60Viffa/BmL91vWUPI5ouHwVM1d0mkbKXB9//ObU="],"block_size":4096,"path":"beautify/beautify-css.js"},{"block_hashes":["7LzRm7BBniYUu24ChEOboCc3ux7dc2aNOUPl1FOxP/U="],"block_size":4096,"path":"codemirror/LICENSE"},{"block_hashes":["mDQocOydpwxJrzLR6N989s587ZbdVUwmb+Yb+/d4sbk=","OAbNjIlgWz4vuSFCyGXk7p89YCkA4ANGgUgTtiQSjjU="],"block_size":4096,"path":"codemirror/addon/comment/comment.js"},{"block_hashes":["XfaQ13HxIRg0hWLdKpAGBDOuLt7M0JCKvKpEgLHj5Gg="],"block_size":4096,"path":"codemirror/addon/dialog/dialog.css"},{"block_hashes":["xW65aQFKUvF1cr8zwD4+bkT9smbr299ZhgL4WmvOmbA=","H5AIldEY4ihVdIXXwUXQFz4sjtwaWp9ILXo/vA5adxk="],"block_size":4096,"path":"codemirror/addon/dialog/dialog.js"},{"block_hashes":["UgP7mgnKwNZMM8pJahFvvchSHMR9evFeEpmPKmPp+60=","FfcFlOyF6w3bU8pr7ox5hWi2tBdA+whI53LQUwUSZk4="],"block_size":4096,"path":"codemirror/addon/edit/matchbrackets.js"},{"block_hashes":["V/YEvkuLhegjiWrRuxyE2ixg/Hq4zsRgYfTTx7WB3Uc="],"block_size":4096,"path":"codemirror/addon/fold/brace-fold.js"},{"block_hashes":["OdBGcd/4bRiVlEIWOsWlSESPEyxMDcHgfppd4rYpsiI="],"block_size":4096,"path":"codemirror/addon/fold/comment-fold.js"},{"block_hashes":["uJIl6J1HDLKQAA77ln8Lf5TRvzdacIqkaTfmqVX6Aig=","jnXF5/CFd5PuGNQpJBPBmMKXGQfCUoBXd6ZozGRS9Gs="],"block_size":4096,"path":"codemirror/addon/fold/foldcode.js"},{"block_hashes":["V27800C3cLYNd9jCnp3za/WFdjkb6rUbQ5EU5O0BrFY="],"block_size":4096,"path":"codemirror/addon/fold/foldgutter.css"},{"block_hashes":["XEeD2aXlV1KrK8DTAux9z+rjKgljXLt9ud9sToLa7HU=","q3KNF6wIpZjPGJhLT0zbYmGv4ffPFH8aJMVsAo9o6mQ="],"block_size":4096,"path":"codemirror/addon/fold/foldgutter.js"},{"block_hashes":["NzVWW04b4F1iRvW4u8D6TDHoU6Wv4+KY2gxY9rjM8p8="],"block_size":4096,"path":"codemirror/addon/hint/css-hint.js"},{"block_hashes":["bi9jKUFGZkXQVoA0ir9OBBAKQNgXiUm6CSxnu7iRHEU="],"block_size":4096,"path":"codemirror/addon/hint/show-hint.css"},{"block_hashes":["VtZVIoaQkx5L0STYGstymmjtHX53Kj3qE+CP+a1yupY=","Rm3jobOgHnREHqy2+QhgIOjdVvFh1BvwWz9EyDSv4ZM=","FVS1d2FWx4RCbNs99b9pNJeO5cY9/RdUzxuSgShz4JU=","bKOm0mg+nPHIAN3vUZJ7Y96ZINboXjJ6YybIJeqNnlA="],"block_size":4096,"path":"codemirror/addon/hint/show-hint.js"},{"block_hashes":["SlmBXwiRxpXV0MaioxeOTIdR0sANn6aFR//LhfQ5qg4="],"block_size":4096,"path":"codemirror/addon/lint/css-lint.js"},{"block_hashes":["Fqj/b9EmUGVsl1+h2abzWkli5dB7/aOGqgdiRSONqew="],"block_size":4096,"path":"codemirror/addon/lint/lint.css"},{"block_hashes":["tJ4cEKiwVdBsjEMf0/K9MbkByJ/jYL+su0vKQLXRABo=","WUI2IZPsWvNm7XwaZCLy4IG1IaTehHiT2nGX100Mkes="],"block_size":4096,"path":"codemirror/addon/lint/lint.js"},{"block_hashes":["qH1ocyZLfBT7V05rl0+kiVu6NdAtbLleLn7pk1JcIok=","1wklueOiC+5Fw+E/wd7bCFT1W7XqDcGZLtNLrK+In3U="],"block_size":4096,"path":"codemirror/addon/scroll/annotatescrollbar.js"},{"block_hashes":["7k376bbRF3oe2V8vbJRGVHFlfWW2fmcZTeUdsG3Hdfs="],"block_size":4096,"path":"codemirror/addon/search/matchesonscrollbar.css"},{"block_hashes":["kItvY3oTWMYUhFgscWDlS/ybN+XW+OegAruQNMCdQfs="],"block_size":4096,"path":"codemirror/addon/search/matchesonscrollbar.js"},{"block_hashes":["jJAiea7zfZtrb19o1PlnOh1p23I6gHyUKg+05DctFx4=","Q5GfzYAsAh6hSpWE29EKSocJzTEDDgwTPEgmfV2o53I="],"block_size":4096,"path":"codemirror/addon/search/search.js"},{"block_hashes":["9j2HjJRF47AbNeQnwrEojmCBG4WzK590Ddu/mLGVWjU=","KurnOO+I6wzyFndtrKkflohiKnNohfsx1PF03YtuDHk="],"block_size":4096,"path":"codemirror/addon/search/searchcursor.js"},{"block_hashes":["VuI8lnpv/1ZfmOIwnoVE1NkmrOcqnsQqbGbxEmLT6+0="],"block_size":4096,"path":"codemirror/addon/selection/active-line.js"},{"block_hashes":["YmMqlwTdUh3hKRXF89AF490rxOnYoU4BJKYDBTMWQbA=","zuLtByAbjFKquT7jkpnNq/3tHqjIAkufd8QEcVSqwEU=","Vuzh8492lapGuVEOGPuvzRNdyy2Rhpa+cQ4fnV+KdRk=","vrswnFpgYW165qNWRbH7zZUoCOFBifLT4mIGOdUYB2c="],"block_size":4096,"path":"codemirror/keymap/emacs.js"},{"block_hashes":["fgLcKaDus8exYBZ8HOJG1bnWcvI+oD2i+8zw8LjiSkE=","5eCa7QcugQo5xg+K4jipd08uMGyp5vKX83jd8J5qIGU=","Vds8bd0uAatxiBYhFDKRQAG+BWU/a9luTIOf1XfEeNA=","qiuNOfR+S3u6lkn/48iQaBKSSBYYnKZW8KDCZsL7k/4=","ve3+HjK5aD+czfU9sJtJgrbRTPWH2yMDgvCnbqnYQEA=","SI60PawtN3PKxhOhXXCInLoq8Shd5P83mwOxqSYJfBY="],"block_size":4096,"path":"codemirror/keymap/sublime.js"},{"block_hashes":["BsS9MnuYGqP6i1kyq1hAtb54i+ddv5d2XLYjVj+Q6tw=","pUbjslMuwlXWUelGXsfLY7xlIoBzuv0wj4bBJfksBQY=","iIWI/y1fCc5Me2gBO/8ZY50O9fkfjyFzcFHSHUkWjOA=","sYkQRg29OwCcidkcKT5wPjMYvQXhHwRJt9vUmbBLmAM=","Cy3jAFy7IwKrzIq4rzo8hV8j/gwRUvKzYN0IUt151IM=","gI0XJ7uGY1zzBVAPOVulgEOewtIA0I/85lG6wrc1jlc=","RRF913Q+9eXTstTVj5z68sFYanTS5MnB+GOfRbVd3Hw=","hr+s081o3vwCkwi85l16WXxixAvQlFRg6iEXoOVnt+k=","b0pNTE2Xi4NNDgTAyzfJS5vacofjgKcTlN/DCd3RTU0=","M3oZmWKFVvZQ1gnP24uVcP0iW/XMjuR3aWE3hnR2Fp0=","4+vzQ07mPlrTX2+i4OQBjqk7EsAs4YeN4XBJL5CCMoM=","VYEojHOYi7h7vlOEeE8PPTBbqOL9g0jF8g0ppv0rgI0=","MpLmMA0fE1i9nwJmhtN76IYeGRcq2rXnxX4qAkZNIxI=","9PLIVCprJiKFz0Z/U7/54sEAnvcI4JpaczAOp6VGKtA=","ilCA6RohXYQ+kXINiX6JHiVTFZ70J+aK+ZIMlvUi9qQ=","nBkjYrQ7h3v6BiTl+ZM7j1KbBGUo5RgyqkK9KTbhyGE=","zpbwgAQKZe6ush2Ig7Bj9VxTV7ALrMUAo7xnOLe0Yw8=","uy1/i4Xur3MFkXZbfmvpsm+LleyBnjMlp5oiUfQOBwA=","KRsMvw+bYkrY92yuAkX0ML1zfMPjMFTt+SWcA08lR1s=","kOoanEhT1arrQbsUEt/n0Qwhbr9NxZBr2vLMPA/ZgkU=","l55gfWrVDz6j8MzdIm50S4bBD3ZqG//tjyNbgtwHdHc=","uH1EKQadxyoudPlz7P+Qu0l7QAIKaAvDBxCUA9gMgBE=","AQ0Waz9EExhzYw5J1cA7M0yaLVI92Zmj2OCxjA1c23Y=","fkJuhWTqRjmkmzuj4AjGkdqxlc0LvkKeWk35ox/z0pM=","VQkM4FnjMSzz6g+gJPCkOAGHITqcxkD/rifn/aJi+a8=","HNJj5bE/2djv6WSUhLxt3fl35NG44wNYV0fL/tbexyU=","rFitc09pl+c9xfwRb5z8URZd0jvdox6MPDBsVHvHfoQ=","DxXYughmEsktSWXZapXVWOLQtoNdENYjY9ljvL+4rC4=","z7kbAWEfBS73vM4T4UgfFgzeSXp9WvEk7HCKoK5KNkE=","bISf0XQLAfeFpbWfm/mnjKBALuR2cU70ZbvRA9BgSHA=","AEHBowgqszulmLZvwKz2qRRvrQGC0JAClNVuHI1BehI=","W8/5Q6IPIv2Zm6XfePHJGS4Lfsceae4n9drSuoOeek4=","C7ldIVx88N4vUs4ZEDhxo70yjPUpm3Cm178LwY4wUbw=","TBy8D7xVvLiAFl0tvLeAgrW0Yn0j3FYsevOeF9HWZHg=","UjP4DnVleDXpT2V0iVXiAxzD3kpRj8O55EdqSluYm8k=","R/1q9d+encQT3O+scyZLyR3kpZGy/dCHn46RtSyCYzo=","zInd2ntBSfzHi+H4hUNQrsi5mgti467yR5r1L/hvB5s=","0UXQSnMVYLASyN72NC+WGrOtGrO/JMwXv7zNLP+IsQw=","lLAI3f4htC1t3+i1t9kFurkEJs3+FubnmTGl5SuWV8U=","OD0vcZLiRxcrm3mX+ALCxbgO/jZr/iY35rV4EfhBqZ0=","NXAsJQuIK2iClVM4hHjSVCJK4+9y1SjUUT5wNmYJeNM=","JHKDZTsg9zAkY/dog5CrKG+PupH3tyU2HE2dhPbbTCY=","PfuR1uA415BEQUTFEXqVkjnoBGGk0LQ4R79xesKnFOo=","g5WzdSJQqv2/liheD35SLM5n1f6qJ+r6lldyZRFjkmM=","mUCGsIhSWXn+qued1idF+LChwkoPhm6bMw0oFAeKXoE=","TseUdTaQNfn4KnSrwGaZM3lQ8cQNHQ8PeklXD1WMz9s=","8gS+I+1giDKnl5n3EkLFbu7HjsQtiOMIoCyIkmH8i1I=","oUBlz9F0+g2jVQi8zJozr5giKAM17DgFCvISaKZSjPE=","z9vJg9sveXzL1yQttB9c8Znasg3eq8QbUGxcc6+lifI="],"block_size":4096,"path":"codemirror/keymap/vim.js"},{"block_hashes":["blIfQMWJqYWgheselc3vgeAmwtsdJrlU83cn+/DkOLI=","5Bjkms1obrUdFIHXGAG5Jx5AiKh0PMqID75xRQErk5c="],"block_size":4096,"path":"codemirror/lib/codemirror.css"},{"block_hashes":["1YVxNZ9P29DZ/dgRsB37octgiN8psAo163k/1dPAC1k=","/LENM/yx7EdSO2dlpE1xW6lxdBzt5uOX6WqG16W9amg=","Jw10vDfE2L/wgoO2833mkgKHAeO+llNYynd7PB3CKLU=","ZN9xmdb5940h5MxaCrSdz28V2ZBX97R2Bg/OuGy5ww4=","ltoJ9AYqWQXOU7XyAzCXEEUScirKTa/ee4K3V8LHzKk=","P5qXGYgIM7S7+B4aoJMhRfNWPt39ZjhcLVgNCCoXod0=","aJ7UTzFxSV8nDXfVtgxui1XwOLXwfcEPcphrZuJ57cI=","CVb5UHkOYCMehd98VgaNUGliIaXKdlsBN9lXolHSBn8=","Jn7Da1cBBWnsQLHWUZjV+lZ6ckEaBXvFE3ZTXM3xX5o=","owNJ9YWnGDuVDK16bnefTJ2M2JhjOg8Mth6kvlrRFAg=","S5tiyG5OL1SkGfp0kEO1lIh28RW92cHZukMyu5rPCo8=","9CDH+wSTaHFpXU3/Bg7WWmitqaulScfb/Oy9/l79I84=","Un0anHCmLCECUJ/xzIjR+n0s/AhKmC8U3o8PdfbzS/8=","rbkgA4dnFcZ9v098Hn/OfC175jNBJ36FWVd0gj9wMtI=","uOLJex2ADBNGwHMu/8n9GT+gwEi6ctic69dd755ZR48=","5yiUSemf60W9hhi13s7gi86XKA39oigvS5Bcm8vVxEI=","Pns1x+Os1vXejx1ynmX3xDRLck7lgGH9+pOsvlHNa+E=","I15Og3IFdPlVDR8CkR4zH44dAWaaWGAckoolhDSgX70=","QzIn02hemXMO5VGYS7e25zQWRIt/GEhQaWtTMqdiwaU=","C01up8nj8E0A7bw4A93UPbaEepJ53rDaNMPEW3d9veM=","aRL30ytiT3iPayufsuGDjtL0wmY3C6SDRF6WV9YFLsc=","ZQYIA8od5Du0SxiLLCUu2r+EIrb6LSfGouzTb+pMhUk=","uwfUFSj2arMBSGxtGZ5SQToP8gK/hR3P8BGyeDA1myA=","zzsl1zVl+bxaWESg8NimAUTUwrZny53nPPo2qgZkZsQ=","+QEBqOUoWua0VFElfzATg/nONxxHunK5DJqHnIymQjs=","adtAhXYrpyECGq0cryzLBohqu3OErwSJ4TBQwDrW2/o=","spL2ZKje4VIHDGr1l/CkY7JPG/tzg9rcMnwa3IpVPII=","HRE23ONc0e2b8suZqSZlb6dIy5JHDHrwomhSlX5lVmQ=","3+5c0NMR1xRhqZ7RAL/uuGDZRaS/yrdauNYmXuRo9C8=","WmdoVyNjmK3lKy2trHfZobwE15H0o4mgLCpz27p2hpo=","47KWaXKLrwGo+sb01Fds4g1JBurfSUXAs4+0/PlhaGA=","DCeAGoMGGP/hTC1Ni7H63E5dZ7irn1vCLgot8QQvcJs=","SbSkjCLxI+5rlbkX9Kb+5vSJt9uH9qGn0nKJo7rx51o=","+8/rbKT2i5tsXL4yxYgKFJ8292lCli4yCrgHQ39mpuQ=","sQVS5L7XLQ8nktpcxENapax0LNqYz3ZdWzkqGeHyiM0=","X9Larkt2OZhFZQSt+1PRCA9MsgLrKsMGrkP458fj6Qw=","p/RQfIozxc2nysNJXd85REy3ViebW1NhhgGWoeiGOSA=","KixtouOBT3hhI0XeK4MkyK3q49E7gznucel8bKqGyQU=","HT0UChsec1pO/E3vAlJ0E/M5uJThiVMuzIgd4oyHHLI=","bxPwFt+lIOK8BbuOiWuPWia25a9qTTceArFHdV3CeOE=","J2aiXuQKaWBkhKc5uu5whrO+6H8qteoiX7HZcoC8MW8=","tjTTcMZLZGsdkWDR5OuWYWVl+jd80mbbf8zikLlr3Os=","4uvAj2QboPa7ftFtzo0Vd7dK8wjDFsVhbwhbT4HSlNQ=","EMDQGzJ0oGUj5omMldkztZa7g76OrJ37OJNyoA7I4DY=","lzzW0CQPDUZCZCxtk+vh3+udOyuJUSUVm9Q6DtZTYb0=","p45HlrMwqkhuTE3MjhsnS8zsz9bm+FKgOA2nv4J7v2Q=","GrIB3NygmzSS/rWvMJFHotW8eJMX4PAfEG209I7943A=","3soCAwbEYMcUxYiPLjKyx0ZCWh5SyeVc1xy2JMRzqs4=","Iesd8gT6TEifT6FWivNjfEt6u6NEGUlKQ/FlPv8bE8E=","bjoC7zCEXM3s+/WhGwcpyV0ew6/UgTooWttHvDNl0dI=","yq5fXBuST6r4+BJhIBoA8l9JeuaKEjRwyHybvbBbZCk=","I8ntvjsKKHADmierQUY2vAT/mEiLYZpoGiYl+brPQTA=","+cGhWVmVg0h/rwTq0r9UWQENM22+CLpX3xE5RL+MLdQ=","owA7ZSz2QSrNRJUDubd7rmdxXGSMvFnMWWb0aWEshko=","AvZCMHqO4J4fTB2CnFd+LRSWcUtcYYrb72wqnx6sj7I=","VJskzDDrcNJrQoXzRd81C0NkHeivI7awjbrH2w9+0OQ=","E4pWttLNYI8lVGmzYd1KAuCFzjiZQYQC0T73ejzmN8Q=","wtZw614XznT8NqHYzRV0RmIkd8Ui5OBwG+DLh1WQ2Ck=","FA151KyvyIgqKtDTCVJBdUObzK0RI3Jth0ESKnaq6Ks=","H3tP3rtTi5s4Cg/eXNM2nQxBBRu8tn2zKAQyXAxzJjo=","twDkVq0eL7Wgn/Tx9GMs4FVakZUMyTsA6d+2tbDpUhc=","eoO1dyz03kriawAT3qruTV2XgdAiGmzKr5S2h97karg=","9/0Tpyza6ZsJQWSmK5aG3HaYrdxbjdnSM8OwLX19y/g=","lGUyCv1IXR6vVuXkIbKLmAZmtjoTyhiMHiB3UfLjDiM=","LNDmuunOMUR9doIVlFRuSukiEHeGlbATsXFz7dE+jd0=","fxrNNhI6vzn7RqIepUK9zrvj8JDM5P8W/SxtawqPYis=","FPaMOeEpCIGdLPP6+EuJOfON2zK2ShWqJz4IPKKd2lo=","PAcsZK2ZiwUuH3goR7CEBhZ6gm2AAQEjKijy/LEPS1k=","OZMhSKR0NkrTnnl15tr54odZwJcxSywLd1YtQJ8Gx1s=","IsGAEFfzpIPNjtiic/nEwHRICfcZ+gF69KNZfzNPCI8=","dD4tbomEXzEgVsql0xr4VaaqjhOhq5vi+q5nalltABk=","yEB3qAtDNUhbsCnYo3KgSXWlMq7bBhVE6StkPZ5TdRk=","/0nXMpj+nT6gYcSCmXXqu2INGT+wMe4puaalKTwvB/Q=","kB+vIIcH1i7tTN+aoohVkjNndlyw7sQYGQGmScpegiE=","+mb78ZA2FTJ2LWn2ga1ZJRYZ3GvCdVlYIH5D5xBg7/s=","dL7RbdXd43Je8MxpyivgJ+FypGw8f9N3pDkcE+xYzIc=","BGwmwy55SVFE6ruT63yL1hpMWX+dDXZeQvgJQtB6ATw=","RL5hAWu1JS/rtm2BJX9vZ0S4nF/PQLqy8ATeQ65Tm6g=","BJnLlp07z8mgwBjDElk/3hrPHheWUNbdxg5p+JmC4cY=","vLON0Y9FoZO8MD5RCr5MR3H3GdwwJvNwVE5B5opa6Ug=","1MljefBYmJhWj0V+RC2KQiord+HEAslJ/ArNCnnEJic=","1342if615kn5doQxE76PEPbu93pYeDJ2fguEOOn3kDI=","GKU8Tme9gVvpC9v8as5Jr/C4o+CXVd6JT1UB9kIIEXY=","NYSJ9wS+51PoFHex2iuVVYoXWMjnIEC9BiyG3VNwZCI=","9Ilva1ApwnSW8eSkh7V4tegWSoaTep1qYLG9MzB4oTQ=","8QR4bbPLg0i4D1alzIR/OBQo54MthaXBIKX+PDJ/SCo="],"block_size":4096,"path":"codemirror/lib/codemirror.js"},{"block_hashes":["ct4Tv69F7+K0bBeJgYhRPz7xR6NpZCzs5GkYc6h2pHU=","vHsjUv0Tpd24J6rIF5gAl7OM/mNALCkwRjn6uLkE/zI=","Vq/BGFmTR8nqN9NISoGGXEYI4h60zMSYgVO0LP3BLFU=","Y3DF56L/oRPdVRcNYuNMNlxunWiqMfdOxtQkyBIP6CQ=","uyVFvGSSU4rAkb+5U537xqokLO3uqCTVjGsM8jqvT9o=","TvZ8rxJswbxjUJRSJ0DDouYUGJiQPPFHrI+P3Q1LiG4=","y4LojR3Nt5n9fKIdg/htbL2iTZDGIkTlkricvzIxYp8=","mk4Ucw0UDo6Wh4t1hHAQ79BQxIwKotlC/4N0UbEMpns=","zaO3ke5S8V99zqj8Wrygf9GG1Trx/XqQXQtwkt2CX8Q="],"block_size":4096,"path":"codemirror/mode/css/css.js"},{"block_hashes":["s2eGWIC4imafVhcwszGUZz2jJbFIz8b8Ys6Sk+GMH7Y="],"block_size":4096,"path":"codemirror/theme/3024-day.css"},{"block_hashes":["o4pKZhmGZeKTszdhwVmCCAgX1urLQpRg82nVAFAju5E="],"block_size":4096,"path":"codemirror/theme/3024-night.css"},{"block_hashes":["NWz51TmnBGKAjXaFHiS7AElnZiHQC22FHCse4rD2rFc="],"block_size":4096,"path":"codemirror/theme/ambiance-mobile.css"},{"block_hashes":["qG4f8KJYaaO4fUJyH51vLXBGWv/Igu6VcgKltjzQMZk=","ODUcbHs6yIsS10x8ZeMzn0pQ16YExbZ55in81xkSU9g=","Mg+YnsQxdujEn/0igeLC7HYcAGlVKRM9D6cLke1/dmc=","GeNJ26bDAl9BrN65fCU/sSYWuLvdKFskGhC5/7WH604=","abc+dx0ZoSEzxd5Pt6ZS9Srnc6j1MgyyRLJOmbQUC6k=","BlUtHftOknMzCqeMiVl7DoXmTuL8/RZn2QsX7C5Z/kE=","8S9/mi4gA3uOxs3sBbuzOaO/CBXm0EbTH/SJYSE7qXY="],"block_size":4096,"path":"codemirror/theme/ambiance.css"},{"block_hashes":["IXR9C6hU1t7Nyc0U/Fd2wXBj6+Li1aLnfDT+PSyX3EU="],"block_size":4096,"path":"codemirror/theme/base16-dark.css"},{"block_hashes":["+5kcxYWtt4ssPOIk1JoPUrGzFi/amz+lHQriU4pHYws="],"block_size":4096,"path":"codemirror/theme/base16-light.css"},{"block_hashes":["jhrYG2Sfb4qItSqlTIxwsIFvEqn+6o/w5qrdt2fI8Cg="],"block_size":4096,"path":"codemirror/theme/blackboard.css"},{"block_hashes":["2Q8NjCoiLVt75VtG7CYmcSfjb+CUstZaVf6LKe2oqUs="],"block_size":4096,"path":"codemirror/theme/cobalt.css"},{"block_hashes":["TkRF7XOndhxvY8ma5XdmFiHsmGDvxzLQMGvquRtbMSs="],"block_size":4096,"path":"codemirror/theme/colorforth.css"},{"block_hashes":["pW5+VLJnzmKCQnvVroOSWgQXAjKqNpG6XiHRqQcQfWI="],"block_size":4096,"path":"codemirror/theme/eclipse.css"},{"block_hashes":["geWk1mcF/j1pwCL7qzJCQotJzdYO8TjXDLakh0aREg8="],"block_size":4096,"path":"codemirror/theme/elegant.css"},{"block_hashes":["WJ7F3DncByHtMRj7vdycU/BHQxXuvcfxIFqAuHhokLs="],"block_size":4096,"path":"codemirror/theme/erlang-dark.css"},{"block_hashes":["tURrq4LUmf27o9Np3Zf6Ulau/fiS/UppbfyVj/yCCyQ="],"block_size":4096,"path":"codemirror/theme/lesser-dark.css"},{"block_hashes":["eHPtE7KOCbPm8b7JOK7YnoJtfoyuLpEfAlCkZaosP0c="],"block_size":4096,"path":"codemirror/theme/liquibyte.css"},{"block_hashes":["Cw7Q6UW35hamRB1zmIB48esNSjjZQBynIDlE0V5PZAA="],"block_size":4096,"path":"codemirror/theme/mbo.css"},{"block_hashes":["nJPfF3JfFV/dWGLxWGsXv/dJpt756VDKk3rBqxPuCzw=","wjSI4CnPFaBRUayoxZNu3MWgeAzrvxtJh7cRxkCQYDU="],"block_size":4096,"path":"codemirror/theme/mdn-like.css"},{"block_hashes":["375Ar/106ocw8NUe91/Q21LohLE3j7zx2VQ2SxKUiGM="],"block_size":4096,"path":"codemirror/theme/midnight.css"},{"block_hashes":["PGwTmiFo6vXLyOncjdPygDIqxey7toJJlTAy/b5x9iU="],"block_size":4096,"path":"codemirror/theme/monokai.css"},{"block_hashes":["uNv+vsyyGt2MVTcVbkTc6s5AFvH4EJSzcY4gqBx9PXk="],"block_size":4096,"path":"codemirror/theme/neat.css"},{"block_hashes":["0eDFJw77bQ6ApsGs2RWYe7GUGc9stUifawKP0d14nxQ="],"block_size":4096,"path":"codemirror/theme/neo.css"},{"block_hashes":["JlWocUdkt/D39bntasZsuSlnFrUttKHLbZUF2lnRPVA="],"block_size":4096,"path":"codemirror/theme/night.css"},{"block_hashes":["+/yJPV3AANejKpHCMQm890MukBnQQTWBL49bNz6vf7E="],"block_size":4096,"path":"codemirror/theme/paraiso-dark.css"},{"block_hashes":["Jw8c2d4QIjuFftikFKDzVemOi55+7bD79yqcEZDnN1s="],"block_size":4096,"path":"codemirror/theme/paraiso-light.css"},{"block_hashes":["9V3gGT8wAAxbiRrlZSasWqFElDjwKx53XJ73cnzxxxc="],"block_size":4096,"path":"codemirror/theme/pastel-on-dark.css"},{"block_hashes":["b1GAEf/GNSiOVK6ohyYOB/tNIPXHaQRUX+IYHMID+24="],"block_size":4096,"path":"codemirror/theme/rubyblue.css"},{"block_hashes":["ZTVQJH5RQlNWFB4+g9zOUb5yw3TE0lPuR/hwGyxpIws=","TmA2fpeb0RGU3ypfSwFwN6r4Mf8Fm2nB0O2ynpzzId0="],"block_size":4096,"path":"codemirror/theme/solarized.css"},{"block_hashes":["k2TmEZNm0M4aYSnlWBRhgDmDO183L7vStPFUwfN/8SA="],"block_size":4096,"path":"codemirror/theme/the-matrix.css"},{"block_hashes":["ZtxmIuS4y3tw4uneCS4V4MuH32Ul+PeNUst2EEWAZDA="],"block_size":4096,"path":"codemirror/theme/tomorrow-night-bright.css"},{"block_hashes":["ZR2fvL7qlbuNYFvxqUblU9M0oWgvA5DJtvwT0MKeeB4="],"block_size":4096,"path":"codemirror/theme/tomorrow-night-eighties.css"},{"block_hashes":["yi3urKru+FKc2/rKSRCEj8aL8DlEvrv6ASGf6hsI1Nw="],"block_size":4096,"path":"codemirror/theme/twilight.css"},{"block_hashes":["536Cr+sNl15276inCF4RZnCzWF72fKgfAR9NaCryxB8="],"block_size":4096,"path":"codemirror/theme/vibrant-ink.css"},{"block_hashes":["K57KuncCUecIMMbomMoZTw8l5ZPqJsMtyx9LjsibELw="],"block_size":4096,"path":"codemirror/theme/xq-dark.css"},{"block_hashes":["bXGRHp2wadKB+k8rk5p+gG2XE/IHyOuRGeG+QAgiD+w="],"block_size":4096,"path":"codemirror/theme/xq-light.css"},{"block_hashes":["SpNvD3gC0GQcOAwWHdpgYmnWFJ0JIF8Q7Z2cKKRCjJU="],"block_size":4096,"path":"codemirror/theme/zenburn.css"},{"block_hashes":["t7Cxg2oL0dLQxoUeeg3aNVPGhu1k7OtFobwBnl9c/ws=","NxbbvqSocp0NsXjVi1YpGTud7GTEmCrStPwl8vUacTc=","pNZDlgdsJA/7yw/H/rKCub+ZVbEZ0qWiGJjZc1vaojk=","9NeBv1P1jhBgEhR4mWmv1SRZGnTPRRzBWwpvjcoEa2E=","eFHbt93MaIuvCT5sJ/EHULEGp3k9I64JY+GwX5gB6O8=","5ftuytMZ+yexwwpq076vqLHB3JxrQwgjsKVMCumKmZk=","68lrh/zq1UFzQG8Ez7Rz/+MUpeyOG5UrMqkZMQHfGm8=","uGIzGJhs+UfQcAUIedj1yEgX22300VPToiRMkKSCTBk=","yNka5/gwwK4Vb7vOn19QkyuPE3FpNW7mvqKCgYOX6qc=","EjKcEIEsmYZb6jpbxSPW1RKsRfeMa2XXFD4OoHt9CgA=","pniqBwFsVJcyOMFCYq+B5YsJE7KV3VKateExzj86ZTM=","R2CE4lXq2wGoanvTx0T83sZVh/bGAHOE6mo5sMu45Rk=","Z9j5DPT9EFudu1LyBAgUDaOv6TflRMSuqStHP3t061k=","AGH25Zn9LquMF/QhUYwQ9mb9XE9bur274qz1qDwtXKM=","zpIcvQ/aqMfAkbzceYeGk9eVH+pmBvLBsBxeIk6ISxg=","mONV9kNHo+qt02iFg9TF8zm5w6CM6wETO1Iweq2XZEM=","TbazSrzTFuS+IMEQerzkPwqE/TQtjj+RTnhfWinX7yk=","5sxUKKXIVGHL0HazUNHhLLCmU06J8XfxAFS9ZBsaxuQ=","EfGwtjsTbctA3Det5aq88YexWZUQYIOfpbl1laUly4k=","eON4w4vRpAv7R5Il7pDAsWk6Q4VPJ/UNSKf+8GXBZAw=","KFjTOtgKJigHZiCC/ZhJrO9K4dbdnXjqRoyr3SWd93E=","4LS2mM4xzwVIvVpV8Twjtf9tZFcYesOJCkZdG2VAnVI=","dUbVhJjCEye9uEVdjEKQAvPEGL3McPOu3YbycfnwYvk=","odL9xQkMioHncdlnDRBsMs5X0dGgMN7yJi/skjxfO3I=","h4h7xLdMTUV+TmJCxujWWi/9zBkviUsHmcSDM2mgTXM=","EuOAYbH7uiXtlFn7o6YfhE+MxQ+4rlQmGPntuO8yzYQ=","3uqmsl7YOTofzasNyy4k0aXG2nxzNj7m2hiHQrtZpBo=","REY8yjrqcOM/YT+w0+jloyWU/xu0XhsjlZgNiYnTQkI=","Iv/QEXJ0BQcYV1BLFzJ1TpS/GGDpsjYucdCUye2pT9g=","7GoEN6w97wHAJxmgf7lHlWpqj5Xb04pKdzPvAmFyhRo=","2/UjCFCckkjUMrB6rrA8DP7EPC0rtJ+cX68/nSA0RyM=","obJVaTIxKztOhjgTEKr07kDRFeoUe0BBhLjoH4AMHDs=","i8SyLhNRibJfWm91jxsGvPsq10stKl86oim4ZPbIsu4=","Bt8ZVjubE2rJvjECd1WozZwcjtGLU9q4w53FLJpDf2o=","IWRMIADmPpSsqCMH/Xvy9/0m0Bv9LjCP0QixzBms+9w=","ex8z/YquE82crFleDTNYZQKZfezFb8Y+8AZPx71uhWg=","EkCvTDNMAfC5d3nDSQ6vUajcDzrYKw/vRdm9ryhDnGo=","PuaqaPT8fVIBwJ99xRGj/DSNnYjY58o+MYc6HT8yWmU=","CKnSzKdmE29HyF/5MP8utro6eJTncBewliRYpER0pnM=","xwbvk5ZIHy4af6jaRbUWNW1lcBQ2Xbx/QzBh14Gu7Lc=","5kM+neH5JlJGHmeJPf5sqA1MsdYKNcakzQNnRk2UvkE=","nfvKX2qlhSMg0PMUrk8UyO0vQir4MmuSADRCSDU8xps=","pSM4SgRMrp7yFRKhZKj0hDnn+A9tQAhvV+uZS6wOXfk=","K+Nfa2g3otxsxcNaJmO6hpENcVDzRhYOQrnBcBHm/EI=","7E7ucHhR/Ll5xVN7lurptL1dTy212Zr82+UAJUdg24E=","FMxBAm3pJc4AsXH1qyk9m6cOoIwkAbfpZaIoX1xvSuY=","vDWEQh7qiXO0lQ9kKxkeYVoSFlo9AN4jXqCfi3s4fiE=","xrZqEbjwWOlOsY92dJO7VoqbWl1rxmNrhuGOLLyEYpk=","f9rAzgID4puwboTlzlj9e9dfLgrmU5iMtjOjrLLdczE=","yvk2V5quw1A3taM0bzxyPh0l4LfoKEDiL4zlz1BN7jA=","CMKdPgZtw91dEXkfx3+GruwPobYRHTZpNoIbPai/N1Q=","rJl0i0zLutpdMDrKCM+aK23a+eBFuuBUuLKomfmWMUo=","PwovDstm1KttYP5Q2CCJRX6ZcuUYLSKvn1LhJ2A3J+0=","iB8J/e4Y09DMNIc9nUcdRhLmyQbVrHYanfaZZHSqqfo=","+pWvciWI8fNxchdRfYOiCQsT9NJwTzo51KMjPDK8jZE=","2Gx+Tp6/zV+ttFujyshadPEVwOJrGmO3hmvPYJpo6bE=","4VKpzrSi+T2MqJCRGwOyQ7MZbSegCjlTb8VbQTRYP5c=","SwU0RYRY9kTH4+i/M105U1/ckjp0dg/+R5g4hznZfZs=","KrYC2PZIQA1UY2ExoWEAYmXIgG0umpoACDhzaKzni+g=","ggX8QJJ3PKCibkB3JnZcvh06WFvDup6+EJUCtBTiN+4=","U/jDccGKsaA4GZ2ANTcx1KovlANHAaRkn1ErMLm0MQM=","4S8b5jHpsKjoEKpYCw0ZE3UrFc198puzVThleRAGyq4=","JCvgP6fdgy4+Oowfo1ISBIPx8geszcc4euSeBZk2u+M=","LVxSOSY//v6rKeAWV1wldo5wCKy9Xpz3pTlAq9Xl/RI=","BVO0FywLLjgPW4TQHarmmUVWuDDB18gJRPOVwm53MyQ=","5Bg/oQ1Tml8nGhs8cNRAGA2rX8sF++gKbeWNJBMw+uM=","+iDgie0f3r7vJ+JGCB3IboL5QRR31VZrYF4Bq/BaDnc=","UeEbItauwk9VWmEitcchvJjFnoqKybH3Vq1MftRh8yQ=","5Q2RchV+KgGioMgTg47JIyyBTUlo1SJ/CEpO36Int24=","17Ry07qRflfXg82OF19FI5h+PkwZxKjGEKGiN+fVvuM=","6KsMntilhexMNpQT/1ncfKyLEHZ5Q6ViGFcMUdq/OQg=","Qy5q+DN6O/J3f0J8BHFflWo3epZqKb9MjjmWl73JF2Q=","7QtwujKM0OFHqIwEdv078za2Pp1i6lPIq3H2IvXHpgU=","Q212X00hvDHfpdsaxmkxtwpltfXxlVEu5BuDRr3wI2w=","GRsDh1BGmL3NcSAiqinYN1IjG5swqRMkeOtPBy/W2qw=","vXszaTcRphwOS0UgHTdzpJYQHAqe4x2yXkuH8T/+1NU=","urq/WT/x3rdIP6fmWE6nLWptNoAWMN37gb6RPq6G4cA=","ZkwAT9vfs3SMH1jAp9EorPZALP+VuiaNy7pwbL2Ix5o=","gvcWen5SqYBZqJ0gECxthzbdcLo3pd1tgdbci7q5psg=","9QAsxx2NO569aoQs9PaU0wTAOa/AfXOoawbcPy/cdzI=","iDgH/PekDNYPPIdIUFRcKmPd1PZudoybM4z5gLxiwLk="],"block_size":4096,"path":"csslint/csslint.js"},{"block_hashes":["SC5xhYD7kFvXe1/PVEWF1fyVJrDvcdPcBF3ap9JhrrU=","xqu4iodjH8mPJMbNNePwrbfsXYEphjObqsigg7NL3dU=","mppZZX8Gox6DFS/4nm5+ryJ1THqlgHaxZ4Pa4Q2WwuE=","4OkFGR1InCX9WV/egqckjMJl+HjNlrazWAi198Xdz5E=","6SdYHqGlSA51hqrP5GwfrfU9WC7866zIgOghp9ngZ4k="],"block_size":4096,"path":"edit.html"},{"block_hashes":["S3oBHewrOwVCBEn6V7Bj8avjnroUjgs+FgkfNXiriwk=","V0sZD2yZ6wcCcTO7t8KtS5i2y0+WC1Y796CVoCMLW2A=","WJgMt0+Qd2j56c6om0Ua8hptjivk5kZZVnrFau1bSh4=","kxTIszW0fGYzas7AMZw7JlTRCU9Ao0x7E3hjwPdG9BY=","5U+LyZQw2rbR1/h2emKf2yjTCdB4eYj8i6sv41LV1kg=","8/F74MeL1zs9k81LjbzHQngJtWEV8BbKKjRekGRMr8s=","AuhsrCnw6efZOaZe30kmzntj2drJm8l5qd5gR9zmBEQ=","AaZEkdNJP6rye7pkp1oV3woko4Te7nPyWUVcg/Jd1Tg=","BZNyYQRUCuSFLVw9DhSTqy+p1bii4nwLrC3YxlMZvSM=","4qUGaotOsT8HfSbrWfjo6Zd8BaF57YfF+6b6Ek7AoDs=","+nOG2/ZRMEgiux7/ShE41e9Y5YaI1kJtrCZePbOZvYc=","lcsmGKgQiUsvRKs4Gv4b7112sb2cXvlajAKqABm+MXM=","+a0mQDojtd6pyXfnhvuQW5XF7CVtNfGuu7Bxl0Z2S1k=","xxlTaBmv/5gX0lBgThjRzKnVNu/8SXuqbHTHlCctPUs="],"block_size":4096,"path":"edit.js"},{"block_hashes":["usHblbXcnKDice01zQB0JP+K60qQ8rseaI6a8zMuS2k="],"block_size":4096,"path":"fill_locale_placeholders.py"},{"block_hashes":["JVIqlTsuVjMzownj0FGthZyv7UxCnKq7LbOR9v2pmac="],"block_size":4096,"path":"health.js"},{"block_hashes":["9/psnoiVXXFsYK36UApvy0i+jraxCzR+fVQjtCwvHFc="],"block_size":4096,"path":"help.png"},{"block_hashes":["AvxIvD125FKxz5U8lnvvSMPZqrV9MooQFHRULzOZG2g=","8Y052A8RdC/Pi39yubiTS9sEFyLt6P5yNHVBLkfKRXg="],"block_size":4096,"path":"install.js"},{"block_hashes":["k0iGavVk/MklEkrL9X1xE10fzMEyAGNs/eUkqNpoJDo="],"block_size":4096,"path":"localization.js"},{"block_hashes":["Jj37y2rM6P5+ZwqE7mYfWOuZVGV3Gd8eHbIahRN56Kg=","9STYogvo3b1czHSTSeXwsB/yYK+ggrtsjdzX7VgghuI="],"block_size":4096,"path":"manage.html"},{"block_hashes":["7Ux8pB3BzBbqlwlaRVMRtXNC7GgeLuSIAeCbAb1EnIU=","XsVMJh0W4uXXikRANZvSejbq+TJ+rgnEv7zgq1swriQ=","4JV4b7UL6BCxwolGp+XQVOJV6N4PXhsYd6wKyRQD5Lw=","tSZ8A6tiWUiZN3ZJBMMzjGBDzhF9PKLLNoq0Yil6rwU="],"block_size":4096,"path":"manage.js"},{"block_hashes":["eOwIIpY2yn0BGbD8i1DfvwGwVJD1pu/fcuQsZ8Fki/s="],"block_size":4096,"path":"messaging.js"},{"block_hashes":["gE7CNz6XT5oCRMtR6Yusfvj4W+c8bEGLVnU7UiqTt1M=","emuCXlYxfw0YlNN7GtmNtb2YN4WJftryX7vfY1nTePE="],"block_size":4096,"path":"popup.html"},{"block_hashes":["lIKlXHiJikVg7aD6yYTdhmsu3TqEk8EynTlccVFx0mk=","m+u2KIT6RNFr4oUxjkBKsJNLgdiD5VFC6/LnI4ji/qw="],"block_size":4096,"path":"popup.js"},{"block_hashes":["uRN6hARKZyWTBzbjocTDRLxHA5UKEcjuu9n+LJ3zOvU="],"block_size":4096,"path":"pull_locales.rb"},{"block_hashes":["v3ZiJwX0ocLlTg9KE7hYxsoesWEbfFTjunhjEFMLIWU="],"block_size":4096,"path":"pull_locales.sh"},{"block_hashes":["Pmh7bwB9NgwPrJ9QfBoxluCzW0SQyV49PZ/6TOgsZ0U=","b13sGYIsCCviWOQGgmxdPMbVO9i6Bl8TEqegwzCO0p8="],"block_size":4096,"path":"storage-websql.js"},{"block_hashes":["OZs6HsflZ+/giqWQTWCDay66uQdK9ba+fJEb0ygX5GM=","XSLblGN3e0PRj/gU+Mx4NLajRtFQ46USHVlTNhBSwCI=","/QSqk9cuEJweZVPPDP3a2CsMBOAcIAuY3pZYdw9YACg=","ZIpyiT2DZ1eMOLgQME/4zynde9DZqe2yofiAsHjs2ZQ="],"block_size":4096,"path":"storage.js"},{"block_hashes":["MkwlRRzgOnLxm00O0r/nOYYY1RABURARW7wfU7m8I0o="],"block_size":4096,"path":"world_go.png"}],"version":2}